STEP,X,Y
0,0.3347,3.2996
0,6.9064,4.2249
0,2.0627,2.5013
0,6.3656,8.6362
0,3.0166,0.2492
0,3.6499,7.6538
0,3.1786,1.3573
0,1.0675,7.6067
0,0.8167,5.5096
0,5.6465,7.4327
0,9.8176,2.1885
0,4.5440,5.1865
0,5.7384,5.5523
0,7.2855,6.2887
0,7.9613,5.8372
0,2.7477,8.2960
0,9.1368,9.6540
0,2.5208,1.1995
0,2.1553,8.8864
0,9.8357,5.1719
0,9.1357,3.4856
0,2.8257,2.3143
0,4.8429,3.8931
0,9.9210,5.6596
0,9.4027,5.5675
0,3.0923,9.2203
0,7.7560,7.6363
0,4.4068,3.4944
0,3.1886,1.6923
0,9.7832,1.1499
0,7.5294,2.5308
0,9.4458,6.6662
0,2.1848,1.9667
0,7.8657,4.3402
0,0.8531,7.7014
0,9.5120,9.9888
0,1.1870,2.3377
0,2.3031,6.0299
0,6.2308,2.2241
0,1.6895,5.6335
1000,2.0793,4.8856
1000,6.9064,4.2249
1000,5.2051,4.2529
1000,8.1100,9.2293
1000,3.7988,2.4204
1000,3.7020,7.3707
1000,6.1427,3.2538
1000,0.6737,6.5232
1000,0.7960,3.9126
1000,5.6465,7.4327
1000,6.9328,0.8505
1000,6.5431,5.7731
1000,5.3240,5.7236
1000,4.2518,4.8635
1000,7.5409,5.1674
1000,2.7477,8.2960
1000,6.2043,9.2497
1000,2.5687,2.2756
1000,4.4233,8.9313
1000,9.6661,5.9813
1000,6.7408,7.1530
1000,3.2406,3.6246
1000,1.7141,5.9293
1000,8.7314,5.2900
1000,7.6356,8.2164
1000,3.1197,9.5604
1000,4.0885,6.0611
1000,4.4068,3.4944
1000,4.5722,1.6550
1000,9.8515,1.0948
1000,7.7498,3.6083
1000,8.6044,6.8668
1000,3.1736,5.0604
1000,5.3298,8.3618
1000,2.4156,7.1722
1000,7.5517,6.5157
1000,1.8345,3.1737
1000,2.8419,6.0432
1000,6.1950,2.0203
1000,1.3608,7.6108
2000,2.0020,4.6925
2000,6.1973,4.5706
2000,5.2051,4.2529
2000,7.6755,9.0988
2000,3.7086,2.4673
2000,3.7020,7.3707
2000,6.1427,3.2538
2000,0.6737,6.5232
2000,0.7960,3.9126
2000,5.7801,7.1714
2000,8.9180,2.9547
2000,6.5431,5.7731
2000,5.2698,5.6776
2000,4.2518,4.8635
2000,7.5949,5.1861
2000,2.7637,8.2997
2000,4.8117,6.9225
2000,2.5687,2.2756
2000,4.2914,8.9854
2000,9.5766,5.9957
2000,6.7408,7.1530
2000,3.2406,3.6246
2000,1.7141,5.9293
2000,8.7314,5.2900
2000,7.6233,7.8548
2000,3.0811,9.3450
2000,4.0885,6.0611
2000,4.4068,3.4944
2000,9.0550,4.0099
2000,9.5972,1.7880
2000,7.7498,3.6083
2000,8.6044,6.8668
2000,3.1736,5.0604
2000,5.3298,8.3618
2000,2.4156,7.1722
2000,7.5556,6.4384
2000,1.8345,3.1737
2000,2.8419,6.0432
2000,7.7585,2.2536
2000,1.3608,7.6108
3000,2.1447,4.5814
3000,6.1973,4.5706
3000,5.2051,4.2529
3000,8.9707,8.1326
3000,3.7642,2.5618
3000,3.6593,7.3231
3000,6.0059,3.3912
3000,0.6737,6.5232
3000,0.9289,5.2753
3000,5.7801,7.1714
3000,8.6564,2.7471
3000,6.5431,5.7731
3000,5.2698,5.6776
3000,4.2518,4.8635
3000,7.5253,5.1277
3000,2.7637,8.2997
3000,4.8117,6.9225
3000,2.5687,2.2756
3000,4.2914,8.9854
3000,9.4250,6.1508
3000,6.7408,7.1530
3000,3.2406,3.6246
3000,1.7141,5.9293
3000,8.7314,5.2900
3000,7.6233,7.8548
3000,3.0811,9.3450
3000,4.0885,6.0611
3000,4.4068,3.4944
3000,9.0550,4.0099
3000,9.1855,1.7322
3000,7.7498,3.6083
3000,8.6044,6.8668
3000,3.1736,5.0604
3000,5.2370,8.3505
3000,2.4156,7.1722
3000,7.5556,6.4384
3000,1.9445,3.2176
3000,2.8065,6.1558
3000,7.3064,2.4132
3000,1.3608,7.6108
4000,2.1447,4.5814
4000,6.1973,4.5706
4000,5.2051,4.2529
4000,6.1956,8.6039
4000,3.7642,2.5618
4000,3.5988,7.3209
4000,6.0059,3.3912
4000,0.6737,6.5232
4000,0.7817,5.2974
4000,5.7801,7.1714
4000,8.6564,2.7471
4000,6.5121,5.9301
4000,5.2698,5.6776
4000,4.2518,4.8635
4000,7.5307,5.1232
4000,2.8152,8.2474
4000,4.8117,6.9225
4000,2.5687,2.2756
4000,4.2914,8.9854
4000,9.4250,6.1508
4000,6.7408,7.1530
4000,3.0781,3.7044
4000,1.7141,5.9293
4000,8.6520,5.0710
4000,7.6233,7.8548
4000,3.0811,9.3450
4000,4.0885,6.0611
4000,4.4068,3.4944
4000,8.8878,3.8993
4000,9.1855,1.7322
4000,7.7498,3.6083
4000,8.6044,6.8668
4000,3.1736,5.0604
4000,5.2370,8.3505
4000,2.4156,7.1722
4000,7.5556,6.4384
4000,1.9830,3.2608
4000,2.8065,6.1558
4000,7.5512,2.4338
4000,1.3608,7.6108
5000,2.0002,4.8044
5000,6.1714,4.7031
5000,5.2051,4.2529
5000,6.4526,8.1783
5000,3.7642,2.5618
5000,3.6495,7.3219
5000,6.0059,3.3912
5000,0.6737,6.5232
5000,0.7817,5.2974
5000,5.7290,7.2102
5000,8.6564,2.7471
5000,6.4191,5.9659
5000,5.2698,5.6776
5000,4.2518,4.8635
5000,7.4535,5.1231
5000,2.8152,8.2474
5000,4.8117,6.9225
5000,2.5687,2.2756
5000,4.2914,8.9854
5000,9.2973,5.9839
5000,6.7408,7.1530
5000,3.1915,3.8785
5000,1.7141,5.9293
5000,8.6352,5.0903
5000,7.6060,7.8278
5000,3.0811,9.3450
5000,4.0885,6.0611
5000,4.4068,3.4944
5000,8.8878,3.8993
5000,9.8965,3.1728
5000,7.7498,3.6083
5000,8.6044,6.8668
5000,3.1736,5.0604
5000,5.2370,8.3505
5000,2.4156,7.1722
5000,7.5556,6.4384
5000,2.0385,3.3312
5000,2.8065,6.1558
5000,7.5512,2.4338
5000,1.3608,7.6108
6000,2.0002,4.8044
6000,6.1714,4.7031
6000,5.2051,4.2529
6000,6.4526,8.1783
6000,3.6979,2.6622
6000,3.6495,7.3219
6000,6.4096,3.3648
6000,0.6737,6.5232
6000,0.7817,5.2974
6000,5.7290,7.2102
6000,8.6564,2.7471
6000,6.4191,5.9659
6000,5.2698,5.6776
6000,4.2862,4.9076
6000,7.4535,5.1231
6000,2.8442,8.1947
6000,4.8117,6.9225
6000,2.5687,2.2756
6000,4.2914,8.9854
6000,9.2973,5.9839
6000,6.7408,7.1530
6000,3.1915,3.8785
6000,1.7141,5.9293
6000,8.6352,5.0903
6000,7.6045,7.8012
6000,3.0811,9.3450
6000,4.0885,6.0611
6000,4.2323,3.6269
6000,8.8878,3.8993
6000,5.0893,2.7085
6000,7.7498,3.6083
6000,8.6044,6.8668
6000,3.1736,5.0604
6000,5.2145,8.1408
6000,2.4156,7.1722
6000,7.5556,6.4384
6000,2.0385,3.3312
6000,2.8065,6.1558
6000,7.5512,2.4338
6000,1.3608,7.6108
7000,2.0002,4.8044
7000,6.2838,4.7159
7000,5.2051,4.2529
7000,6.4526,8.1783
7000,3.6979,2.6622
7000,3.6495,7.3219
7000,6.3844,3.4927
7000,0.6737,6.5232
7000,0.7817,5.2974
7000,5.7366,7.2137
7000,6.2611,2.1710
7000,6.4191,5.9659
7000,5.2698,5.6776
7000,4.2862,4.9076
7000,7.3926,5.2333
7000,2.8442,8.1947
7000,4.8117,6.9225
7000,2.5687,2.2756
7000,4.2681,8.9788
7000,9.2973,5.9839
7000,6.7408,7.1530
7000,3.1915,3.8785
7000,1.7141,5.9293
7000,8.6352,5.0903
7000,7.6045,7.8012
7000,3.0811,9.3450
7000,3.9466,6.1058
7000,4.2323,3.6269
7000,8.9021,3.9426
7000,5.0893,2.7085
7000,7.8108,4.1123
7000,8.6044,6.8668
7000,3.1736,5.0604
7000,5.2145,8.1408
7000,2.4156,7.1722
7000,7.5556,6.4384
7000,2.0385,3.3312
7000,2.8065,6.1558
7000,7.2938,2.9071
7000,1.3608,7.6108
8000,2.0002,4.8044
8000,6.2838,4.7159
8000,5.2051,4.2529
8000,6.3975,8.2218
8000,3.6979,2.6622
8000,3.6495,7.3219
8000,6.3844,3.4927
8000,0.6737,6.5232
8000,0.7817,5.2974
8000,5.7366,7.2137
8000,6.2611,2.1710
8000,6.4191,5.9659
8000,5.2698,5.6776
8000,4.2862,4.9076
8000,7.3926,5.2333
8000,2.8442,8.1947
8000,4.8117,6.9225
8000,2.5687,2.2756
8000,4.2477,8.8062
8000,9.3011,5.9855
8000,6.7408,7.1527
8000,3.1915,3.8785
8000,1.7141,5.9293
8000,8.5715,5.1486
8000,7.6045,7.8012
8000,3.0811,9.3450
8000,3.9466,6.1058
8000,4.2634,3.6813
8000,8.9021,3.9426
8000,5.2869,3.0131
8000,7.8108,4.1123
8000,8.6044,6.8668
8000,3.1736,5.0604
8000,5.2145,8.1408
8000,2.4156,7.1722
8000,7.5765,6.3884
8000,2.0385,3.3312
8000,2.8065,6.1558
8000,7.2938,2.9071
8000,1.3403,7.5664
9000,2.0002,4.8044
9000,6.2838,4.7159
9000,5.2729,4.2614
9000,6.3975,8.2218
9000,3.6979,2.6622
9000,3.6700,7.2429
9000,6.3844,3.4927
9000,0.6737,6.5232
9000,0.7817,5.2974
9000,5.7366,7.2137
9000,6.2611,2.1710
9000,6.4191,5.9659
9000,5.2658,5.6813
9000,4.2862,4.9076
9000,7.3926,5.2333
9000,2.8442,8.1947
9000,4.8117,6.9225
9000,2.5687,2.2756
9000,4.1546,8.7433
9000,9.3011,5.9855
9000,6.7408,7.1527
9000,3.1915,3.8785
9000,1.7141,5.9293
9000,8.5715,5.1486
9000,7.6045,7.8012
9000,3.0811,9.3450
9000,3.9466,6.1058
9000,4.2634,3.6813
9000,8.9021,3.9426
9000,5.2869,3.0131
9000,7.2775,4.0608
9000,8.6011,6.8767
9000,3.1736,5.0604
9000,5.2145,8.1408
9000,2.4156,7.1722
9000,7.5765,6.3884
9000,1.9914,3.4748
9000,2.8065,6.1558
9000,7.2938,2.9071
9000,1.3403,7.5664
10000,2.0002,4.8044
10000,6.3733,4.7622
10000,5.2729,4.2614
10000,6.3975,8.2218
10000,3.6979,2.6622
10000,3.6637,7.2420
10000,6.3844,3.4927
10000,0.6737,6.5232
10000,0.7817,5.2974
10000,5.7366,7.2137
10000,6.2611,2.1710
10000,6.4191,5.9659
10000,5.2418,5.6537
10000,4.2862,4.9076
10000,7.3926,5.2333
10000,2.8645,8.2136
10000,4.8117,6.9225
10000,2.5154,2.4051
10000,4.1546,8.7433
10000,9.3011,5.9855
10000,6.7408,7.1527
10000,3.1915,3.8785
10000,1.7141,5.9293
10000,8.5715,5.1486
10000,7.6045,7.8012
10000,3.0811,9.3450
10000,3.9466,6.1058
10000,4.3329,3.7200
10000,8.8078,3.9262
10000,5.2869,3.0131
10000,7.5833,4.0083
10000,8.6011,6.8767
10000,3.1736,5.0604
10000,5.2125,8.1398
10000,2.4156,7.1722
10000,7.5765,6.3884
10000,1.9914,3.4748
10000,2.8065,6.1558
10000,7.2938,2.9071
10000,1.3403,7.5664
11000,2.0002,4.8044
11000,6.3733,4.7622
11000,5.2729,4.2614
11000,6.3975,8.2218
11000,3.6979,2.6622
11000,3.6604,7.2256
11000,6.2954,3.6439
11000,0.6737,6.5232
11000,0.7817,5.2974
11000,5.7366,7.2137
11000,6.2611,2.1710
11000,6.4191,5.9659
11000,5.2418,5.6537
11000,4.2862,4.9076
11000,7.3926,5.2333
11000,2.8645,8.2136
11000,4.8117,6.9225
11000,2.5154,2.4051
11000,4.1330,8.1589
11000,9.3011,5.9855
11000,6.7408,7.1527
11000,3.1915,3.8785
11000,1.7141,5.9293
11000,8.5715,5.1486
11000,7.7015,7.7408
11000,3.5382,9.2809
11000,3.9839,6.0002
11000,4.3329,3.7200
11000,8.8282,3.9763
11000,5.2869,3.0131
11000,7.5833,4.0083
11000,8.6011,6.8767
11000,3.1736,5.0604
11000,5.2125,8.1398
11000,2.4156,7.1722
11000,7.5765,6.3884
11000,1.9914,3.4748
11000,2.8065,6.1558
11000,7.2938,2.9071
11000,1.3403,7.5664
12000,2.0002,4.8044
12000,6.3733,4.7622
12000,5.2729,4.2614
12000,6.3975,8.2218
12000,3.7344,2.8399
12000,3.6037,7.1771
12000,6.2954,3.6439
12000,0.6737,6.5232
12000,0.7906,5.2487
12000,5.7366,7.2137
12000,6.2271,2.2091
12000,6.4191,5.9659
12000,5.2418,5.6537
12000,4.2862,4.9076
12000,7.3926,5.2333
12000,2.8691,8.2304
12000,4.8117,6.9225
12000,2.5154,2.4051
12000,4.1344,8.1630
12000,9.3011,5.9855
12000,6.7408,7.1527
12000,3.1915,3.8785
12000,1.7141,5.9293
12000,8.5715,5.1486
12000,7.7015,7.7408
12000,3.6853,9.2340
12000,3.9839,6.0002
12000,4.3329,3.7200
12000,8.8282,3.9763
12000,5.2869,3.0131
12000,7.5833,4.0083
12000,8.6011,6.8767
12000,3.1736,5.0604
12000,5.2125,8.1398
12000,2.4156,7.1722
12000,7.5765,6.3884
12000,1.9914,3.4748
12000,2.8065,6.1558
12000,7.2938,2.9071
12000,1.3403,7.5664
13000,2.0002,4.8044
13000,6.3733,4.7622
13000,5.3525,4.3702
13000,6.3975,8.2218
13000,3.7046,2.7658
13000,3.6037,7.1771
13000,6.2954,3.6439
13000,0.7399,6.5642
13000,0.7906,5.2487
13000,5.7366,7.2137
13000,6.2271,2.2091
13000,6.4191,5.9659
13000,5.2418,5.6537
13000,4.2862,4.9076
13000,7.4110,5.2334
13000,2.8691,8.2304
13000,4.8117,6.9225
13000,2.5154,2.4051
13000,4.1344,8.1630
13000,9.3011,5.9855
13000,6.7408,7.1527
13000,3.1915,3.8785
13000,1.7141,5.9293
13000,8.5715,5.1486
13000,7.7015,7.7408
13000,3.6672,9.1849
13000,3.9839,6.0002
13000,4.3386,3.7728
13000,8.3459,3.5040
13000,5.2746,3.0151
13000,7.4211,4.1510
13000,8.6011,6.8767
13000,3.1736,5.0604
13000,5.2125,8.1398
13000,2.4156,7.1722
13000,7.5765,6.3884
13000,2.1565,3.4851
13000,2.8065,6.1558
13000,7.2885,2.9184
13000,1.3403,7.5664
14000,2.0155,4.7909
14000,6.3733,4.7622
14000,5.3525,4.3702
14000,6.3975,8.2218
14000,3.7046,2.7658
14000,3.6037,7.1771
14000,6.3612,3.6026
14000,0.7715,6.5271
14000,0.7906,5.2487
14000,5.7176,6.9149
14000,6.2295,2.2110
14000,6.4191,5.9659
14000,5.2418,5.6537
14000,4.2862,4.9076
14000,7.3811,5.2848
14000,2.8691,8.2304
14000,4.7281,7.1573
14000,4.5509,2.0392
14000,4.1344,8.1630
14000,9.3011,5.9855
14000,6.7814,7.1170
14000,3.1915,3.8785
14000,1.7141,5.9293
14000,8.5837,5.1078
14000,7.7015,7.7408
14000,4.8952,9.2250
14000,3.9839,6.0002
14000,4.3386,3.7728
14000,8.3721,3.6172
14000,5.2727,3.1266
14000,7.4211,4.1510
14000,8.6011,6.8767
14000,3.1736,5.0604
14000,5.2125,8.1398
14000,2.4156,7.1722
14000,7.5765,6.3884
14000,2.0327,3.5645
14000,2.8065,6.1558
14000,7.2885,2.9184
14000,1.3403,7.5664
15000,2.0155,4.7909
15000,6.3733,4.7622
15000,5.3525,4.3702
15000,6.3975,8.2218
15000,3.7046,2.7658
15000,3.6037,7.1771
15000,6.3612,3.6026
15000,0.7715,6.5271
15000,0.7906,5.2487
15000,5.7176,6.9149
15000,6.2295,2.2110
15000,6.4191,5.9659
15000,5.2418,5.6537
15000,4.2862,4.9076
15000,7.3811,5.2848
15000,2.8691,8.2304
15000,4.6670,6.9998
15000,4.5509,2.0392
15000,4.1344,8.1630
15000,9.3011,5.9855
15000,6.7814,7.1170
15000,3.2193,3.9196
15000,1.7533,5.9654
15000,8.5606,5.1132
15000,7.7012,7.7409
15000,4.8952,9.2250
15000,3.9839,6.0002
15000,4.3386,3.7728
15000,8.3721,3.6172
15000,5.2727,3.1266
15000,7.3815,4.1258
15000,8.6011,6.8767
15000,3.1736,5.0604
15000,5.2125,8.1398
15000,2.4156,7.1722
15000,7.5765,6.3884
15000,2.0327,3.5645
15000,2.8065,6.1558
15000,7.2885,2.9184
15000,1.3403,7.5664
16000,2.0155,4.7909
16000,6.3733,4.7622
16000,5.3202,4.3674
16000,6.3975,8.2218
16000,3.6842,2.7953
16000,3.6037,7.1771
16000,6.3612,3.6026
16000,0.7715,6.5271
16000,0.7906,5.2487
16000,5.7176,6.9149
16000,6.2222,2.3752
16000,6.4191,5.9659
16000,5.2418,5.6537
16000,4.2862,4.9076
16000,7.3811,5.2848
16000,2.8691,8.2304
16000,4.6298,6.9339
16000,4.5509,2.0392
16000,4.1344,8.1630
16000,9.3011,5.9855
16000,6.7814,7.1170
16000,3.2193,3.9196
16000,1.7533,5.9654
16000,8.5303,5.0974
16000,7.7385,7.7245
16000,4.9696,9.0522
16000,3.9839,6.0002
16000,4.3386,3.7728
16000,8.3721,3.6172
16000,5.2727,3.1266
16000,7.3815,4.1258
16000,8.6011,6.8767
16000,3.1736,5.0604
16000,5.2505,7.9591
16000,2.4156,7.1722
16000,7.5765,6.3884
16000,2.0327,3.5645
16000,2.8065,6.1558
16000,7.2849,2.9577
16000,1.3403,7.5664
17000,2.0181,4.7935
17000,6.3733,4.7622
17000,5.3202,4.3674
17000,6.3975,8.2218
17000,3.6842,2.7953
17000,3.6037,7.1771
17000,6.3612,3.6026
17000,0.7715,6.5271
17000,0.7906,5.2487
17000,5.7176,6.9149
17000,6.2222,2.3752
17000,6.4191,5.9659
17000,5.2418,5.6537
17000,4.2862,4.9076
17000,7.3811,5.2848
17000,2.8691,8.2304
17000,4.6298,6.9339
17000,4.5374,2.0706
17000,4.1344,8.1630
17000,9.3011,5.9855
17000,6.7814,7.1170
17000,3.1893,3.9017
17000,1.7533,5.9654
17000,8.5303,5.0974
17000,7.7385,7.7245
17000,4.9696,9.0522
17000,3.9839,6.0002
17000,4.3386,3.7728
17000,8.3854,3.7236
17000,5.2727,3.1266
17000,7.3815,4.1258
17000,8.6011,6.8767
17000,3.1736,5.0604
17000,5.2888,7.9559
17000,2.4156,7.1722
17000,7.5765,6.3884
17000,2.0327,3.5645
17000,2.8065,6.1558
17000,7.2849,2.9577
17000,1.3403,7.5664
18000,2.0181,4.7935
18000,6.3733,4.7622
18000,5.3202,4.3674
18000,6.3975,8.2218
18000,3.6842,2.7953
18000,3.6037,7.1771
18000,6.3584,3.6053
18000,0.7715,6.5271
18000,0.8897,5.1859
18000,5.7176,6.9149
18000,6.2294,2.3795
18000,6.4191,5.9659
18000,5.2418,5.6537
18000,4.2862,4.9076
18000,7.3811,5.2848
18000,2.8691,8.2304
18000,4.6298,6.9339
18000,4.5374,2.0706
18000,4.1344,8.1630
18000,9.3011,5.9855
18000,6.7814,7.1170
18000,3.1893,3.9017
18000,1.7533,5.9654
18000,8.5303,5.0974
18000,7.7385,7.7245
18000,4.9696,9.0522
18000,3.9839,6.0002
18000,4.3386,3.7728
18000,8.3854,3.7236
18000,5.2727,3.1266
18000,7.3815,4.1258
18000,8.6011,6.8767
18000,3.1736,5.0604
18000,5.2888,7.9559
18000,2.4156,7.1722
18000,7.5765,6.3884
18000,2.1491,3.5610
18000,2.8065,6.1558
18000,7.2849,2.9577
18000,1.3403,7.5664
19000,2.0181,4.7935
19000,6.3733,4.7622
19000,5.3202,4.3674
19000,6.3975,8.2218
19000,3.6842,2.7953
19000,3.6037,7.1771
19000,6.3584,3.6053
19000,0.7715,6.5271
19000,0.8897,5.1859
19000,5.7176,6.9149
19000,6.2294,2.3795
19000,6.4191,5.9659
19000,5.2357,5.7064
19000,4.2862,4.9076
19000,7.3811,5.2848
19000,2.8691,8.2304
19000,4.6443,6.9713
19000,4.5374,2.0706
19000,4.1344,8.1630
19000,9.3011,5.9855
19000,6.7814,7.1170
19000,3.1893,3.9017
19000,1.7533,5.9654
19000,8.5303,5.0974
19000,7.7385,7.7245
19000,4.9696,9.0522
19000,3.9839,6.0002
19000,4.3386,3.7728
19000,8.4087,3.6790
19000,5.2727,3.1266
19000,7.3815,4.1258
19000,8.6011,6.8767
19000,3.1736,5.0604
19000,5.2888,7.9559
19000,2.4156,7.1722
19000,7.5723,6.3767
19000,2.1491,3.5610
19000,2.8065,6.1558
19000,7.2849,2.9577
19000,1.3403,7.5664
20000,2.0181,4.7935
20000,6.3716,4.7766
20000,5.3202,4.3674
20000,6.4592,8.1886
20000,3.6842,2.7953
20000,3.6037,7.1771
20000,6.3584,3.6053
20000,0.7715,6.5271
20000,0.8897,5.1859
20000,5.7176,6.9149
20000,6.2294,2.3795
20000,6.4191,5.9659
20000,5.2357,5.7064
20000,4.3206,4.9376
20000,7.3811,5.2848
20000,2.9318,8.1132
20000,4.6443,6.9713
20000,4.6040,2.1190
20000,4.1344,8.1630
20000,9.3011,5.9855
20000,6.7814,7.1170
20000,3.1893,3.9017
20000,1.7533,5.9654
20000,8.4336,4.8638
20000,7.7385,7.7245
20000,4.9696,9.0522
20000,3.9839,6.0002
20000,4.3386,3.7728
20000,8.4087,3.6790
20000,5.2727,3.1266
20000,7.3822,4.1747
20000,8.6011,6.8767
20000,3.1736,5.0604
20000,5.2888,7.9559
20000,2.3752,7.1450
20000,7.5723,6.3767
20000,2.1491,3.5610
20000,2.8065,6.1558
20000,7.2849,2.9577
20000,1.3403,7.5664
21000,2.0181,4.7935
21000,6.3716,4.7766
21000,5.3202,4.3674
21000,6.4592,8.1886
21000,3.6842,2.7953
21000,3.6037,7.1771
21000,6.3584,3.6053
21000,0.7715,6.5271
21000,0.8931,5.1994
21000,5.7176,6.9149
21000,6.1946,2.4971
21000,6.4191,5.9659
21000,5.2357,5.7064
21000,4.3206,4.9376
21000,7.3811,5.2848
21000,2.9318,8.1132
21000,4.6443,6.9713
21000,4.6040,2.1190
21000,4.1463,8.1853
21000,9.1837,5.8822
21000,6.7814,7.1170
21000,3.1870,3.9354
21000,1.7533,5.9654
21000,8.4336,4.8638
21000,7.7442,7.6826
21000,4.9696,9.0522
21000,3.9839,6.0002
21000,4.3386,3.7728
21000,8.4087,3.6790
21000,5.2727,3.1266
21000,7.3822,4.1747
21000,8.6011,6.8767
21000,3.1736,5.0604
21000,5.3107,7.9541
21000,2.3752,7.1450
21000,7.5723,6.3767
21000,2.1339,3.6069
21000,2.8065,6.1558
21000,7.2849,2.9577
21000,1.3403,7.5664
22000,2.0181,4.7935
22000,6.3716,4.7766
22000,5.3202,4.3674
22000,6.4592,8.1886
22000,3.6781,2.8480
22000,3.5062,7.1796
22000,6.3584,3.6053
22000,0.7715,6.5271
22000,0.8931,5.1994
22000,5.7176,6.9149
22000,6.1880,2.4905
22000,6.4191,5.9659
22000,5.2357,5.7064
22000,4.3149,4.9343
22000,7.3811,5.2848
22000,2.9318,8.1132
22000,4.6443,6.9713
22000,4.6040,2.1190
22000,4.1463,8.1853
22000,9.1837,5.8822
22000,6.7814,7.1170
22000,3.1870,3.9354
22000,1.7533,5.9654
22000,8.4336,4.8638
22000,7.7442,7.6826
22000,4.9696,9.0522
22000,3.9839,6.0002
22000,4.3386,3.7728
22000,8.4087,3.6790
22000,5.2727,3.1266
22000,7.3822,4.1747
22000,8.6011,6.8767
22000,3.1736,5.0604
22000,5.3107,7.9541
22000,2.3133,7.1124
22000,7.5708,6.3745
22000,2.1339,3.6069
22000,2.8065,6.1558
22000,7.2849,2.9577
22000,1.3403,7.5664
23000,2.0181,4.7935
23000,6.3716,4.7766
23000,5.3202,4.3674
23000,6.4592,8.1886
23000,3.6781,2.8480
23000,3.5062,7.1796
23000,6.3597,3.6065
23000,0.7715,6.5271
23000,0.8651,5.2558
23000,5.7176,6.9149
23000,6.1993,2.4518
23000,6.4191,5.9659
23000,5.2357,5.7064
23000,4.3149,4.9343
23000,7.3811,5.2848
23000,2.9369,8.1257
23000,4.6443,6.9713
23000,4.6040,2.1190
23000,4.1453,8.1847
23000,9.1837,5.8822
23000,6.7814,7.1170
23000,3.1870,3.9354
23000,1.7533,5.9654
23000,8.4336,4.8638
23000,7.7442,7.6826
23000,4.9696,9.0522
23000,3.9839,6.0002
23000,4.3386,3.7728
23000,8.3867,3.5994
23000,5.2727,3.1266
23000,7.3822,4.1747
23000,8.6011,6.8767
23000,3.1736,5.0604
23000,5.3107,7.9541
23000,2.3133,7.1124
23000,7.5708,6.3745
23000,2.1339,3.6069
23000,2.8065,6.1558
23000,7.2849,2.9577
23000,1.3403,7.5664
24000,2.0181,4.7935
24000,6.3716,4.7766
24000,5.3202,4.3674
24000,6.4592,8.1886
24000,3.6781,2.8480
24000,3.5062,7.1796
24000,6.3249,3.6231
24000,0.7715,6.5271
24000,0.8651,5.2558
24000,5.7176,6.9149
24000,6.1993,2.4518
24000,6.4191,5.9659
24000,5.2353,5.7164
24000,4.3038,4.9111
24000,7.3811,5.2848
24000,2.9029,8.1152
24000,4.6443,6.9713
24000,4.6040,2.1190
24000,4.1562,8.1684
24000,9.1837,5.8822
24000,6.7814,7.1170
24000,3.1870,3.9354
24000,1.7533,5.9654
24000,8.4336,4.8638
24000,7.7442,7.6826
24000,4.9696,9.0522
24000,3.9839,6.0002
24000,4.3386,3.7728
24000,8.4037,3.6407
24000,5.2727,3.1266
24000,7.3822,4.1747
24000,8.6011,6.8767
24000,3.1736,5.0604
24000,5.3107,7.9541
24000,2.3133,7.1124
24000,7.5708,6.3745
24000,2.1339,3.6069
24000,2.8065,6.1558
24000,7.2849,2.9577
24000,1.3403,7.5664
25000,2.0150,4.8141
25000,6.3716,4.7766
25000,5.3202,4.3674
25000,6.4592,8.1886
25000,3.6781,2.8480
25000,3.5062,7.1796
25000,6.3249,3.6231
25000,0.7715,6.5271
25000,0.8651,5.2558
25000,5.7176,6.9149
25000,6.1993,2.4518
25000,6.4191,5.9659
25000,5.2353,5.7164
25000,4.3038,4.9111
25000,7.3611,5.3140
25000,2.9029,8.1152
25000,4.6443,6.9713
25000,4.6040,2.1190
25000,4.1351,8.1330
25000,9.1837,5.8822
25000,6.7814,7.1170
25000,3.1870,3.9354
25000,1.7539,5.9692
25000,8.4200,4.8832
25000,7.7442,7.6826
25000,4.9696,9.0522
25000,3.9839,6.0002
25000,4.3386,3.7728
25000,8.4037,3.6407
25000,5.2727,3.1266
25000,7.3816,4.1685
25000,8.6011,6.8767
25000,3.1736,5.0604
25000,5.3107,7.9541
25000,2.3133,7.1124
25000,7.5991,6.3894
25000,2.1339,3.6069
25000,2.8065,6.1558
25000,7.2849,2.9577
25000,1.3403,7.5664
26000,2.0181,4.8260
26000,6.3716,4.7766
26000,5.3202,4.3674
26000,6.4592,8.1886
26000,3.6781,2.8480
26000,3.5062,7.1796
26000,6.3249,3.6231
26000,0.7715,6.5271
26000,0.8651,5.2558
26000,5.7176,6.9149
26000,6.1993,2.4518
26000,6.4191,5.9659
26000,5.2353,5.7164
26000,4.3038,4.9111
26000,7.3611,5.3140
26000,2.9029,8.1152
26000,4.6443,6.9713
26000,4.6001,2.1222
26000,4.1351,8.1330
26000,9.1837,5.8822
26000,6.7814,7.1170
26000,3.1870,3.9354
26000,1.7539,5.9692
26000,8.4200,4.8832
26000,7.7442,7.6826
26000,4.9696,9.0522
26000,3.9839,6.0002
26000,4.3386,3.7728
26000,8.3650,3.6309
26000,5.2727,3.1266
26000,7.3816,4.1685
26000,8.6011,6.8767
26000,3.1736,5.0604
26000,5.3107,7.9541
26000,2.3133,7.1124
26000,7.5991,6.3894
26000,2.1272,3.5965
26000,2.8065,6.1558
26000,7.3088,3.0185
26000,1.3403,7.5664
27000,2.0181,4.8260
27000,6.3716,4.7766
27000,5.3202,4.3674
27000,6.4480,8.2007
27000,3.6781,2.8480
27000,3.5771,7.0869
27000,6.3249,3.6231
27000,0.7715,6.5271
27000,0.8651,5.2558
27000,5.7176,6.9149
27000,6.1993,2.4518
27000,6.4191,5.9659
27000,5.2353,5.7164
27000,4.3120,4.9176
27000,7.3611,5.3140
27000,2.9029,8.1152
27000,4.6443,6.9713
27000,4.5931,2.1306
27000,4.1351,8.1330
27000,9.1837,5.8822
27000,6.7814,7.1170
27000,3.1870,3.9354
27000,1.7539,5.9692
27000,8.4200,4.8832
27000,7.7433,7.6817
27000,4.9696,9.0522
27000,3.9839,6.0002
27000,4.3386,3.7728
27000,8.3650,3.6309
27000,5.2786,3.1484
27000,7.3816,4.1685
27000,8.6011,6.8767
27000,3.1736,5.0604
27000,5.3107,7.9541
27000,2.3133,7.1124
27000,7.5991,6.3894
27000,2.1272,3.5965
27000,2.8065,6.1558
27000,7.3088,3.0185
27000,1.3403,7.5664
28000,2.0181,4.8260
28000,6.3716,4.7766
28000,5.3202,4.3674
28000,6.4480,8.2007
28000,3.6781,2.8480
28000,3.5771,7.0869
28000,6.3249,3.6231
28000,0.7715,6.5271
28000,0.8651,5.2558
28000,5.7176,6.9149
28000,6.1993,2.4612
28000,6.4191,5.9659
28000,5.2083,5.7853
28000,4.3120,4.9176
28000,7.3611,5.3140
28000,2.9029,8.1152
28000,4.6443,6.9713
28000,4.5931,2.1306
28000,4.1351,8.1330
28000,9.1652,5.7396
28000,6.7814,7.1170
28000,3.1870,3.9354
28000,1.7539,5.9692
28000,8.4200,4.8832
28000,7.7433,7.6817
28000,4.9696,9.0522
28000,3.9839,6.0002
28000,4.3386,3.7728
28000,8.3650,3.6309
28000,5.2786,3.1484
28000,7.3816,4.1685
28000,8.6011,6.8767
28000,3.1736,5.0604
28000,5.3107,7.9541
28000,2.3133,7.1124
28000,7.5991,6.3894
28000,2.1272,3.5965
28000,2.8394,6.0757
28000,7.3088,3.0185
28000,1.3403,7.5664
29000,2.0181,4.8260
29000,6.3716,4.7766
29000,5.3202,4.3674
29000,6.4480,8.2007
29000,3.6781,2.8480
29000,3.5714,7.0760
29000,6.3249,3.6231
29000,0.7715,6.5271
29000,0.8651,5.2558
29000,5.7176,6.9149
29000,6.1993,2.4612
29000,6.4128,5.9927
29000,5.2083,5.7853
29000,4.3120,4.9176
29000,7.3611,5.3140
29000,2.9029,8.1152
29000,4.6443,6.9713
29000,4.5756,2.1639
29000,4.1351,8.1330
29000,8.8940,5.8839
29000,6.7814,7.1170
29000,3.1870,3.9354
29000,1.7539,5.9692
29000,8.4200,4.8832
29000,7.7433,7.6817
29000,4.9696,9.0522
29000,3.9839,6.0002
29000,4.3386,3.7728
29000,8.3650,3.6309
29000,5.2740,3.1533
29000,7.3816,4.1685
29000,8.6011,6.8767
29000,3.1736,5.0604
29000,5.3107,7.9541
29000,2.3783,7.1234
29000,7.5991,6.3894
29000,2.1272,3.5965
29000,2.8394,6.0757
29000,7.3088,3.0185
29000,1.3403,7.5664
30000,2.0181,4.8260
30000,6.3716,4.7766
30000,5.3202,4.3674
30000,6.4480,8.2007
30000,3.6781,2.8480
30000,3.5714,7.0760
30000,6.3249,3.6231
30000,0.7715,6.5271
30000,0.8939,5.2586
30000,5.7176,6.9149
30000,6.1993,2.4612
30000,6.4128,5.9927
30000,5.2083,5.7853
30000,4.3120,4.9176
30000,7.3611,5.3140
30000,2.9035,8.1142
30000,4.6443,6.9713
30000,4.6795,2.2525
30000,4.1351,8.1330
30000,8.8940,5.8839
30000,6.7814,7.1170
30000,3.1870,3.9354
30000,1.7539,5.9692
30000,8.3546,4.8460
30000,7.7433,7.6817
30000,4.9292,9.0362
30000,4.0128,5.9931
30000,4.3386,3.7728
30000,8.3650,3.6309
30000,5.2740,3.1533
30000,7.3816,4.1685
30000,8.5354,6.8876
30000,3.1736,5.0604
30000,5.3107,7.9541
30000,2.3227,7.0353
30000,7.5991,6.3894
30000,2.1274,3.5968
30000,2.8394,6.0757
30000,7.3088,3.0185
30000,1.3403,7.5664
